{"backend": "sglang-oai", "dataset_name": "random", "request_rate": 12.0, "max_concurrency": 12, "sharegpt_output_len": null, "random_input_len": 1200, "random_output_len": 800, "random_range_ratio": 1.0, "duration": 763.7456887946464, "completed": 120, "total_input_tokens": 144000, "total_output_tokens": 96000, "total_output_tokens_retokenized": 96000, "request_throughput": 0.1571203631792483, "input_throughput": 188.54443581509798, "output_throughput": 125.69629054339865, "mean_e2e_latency_ms": 74646.45064021074, "median_e2e_latency_ms": 51033.65186043084, "std_e2e_latency_ms": 25422.880320819666, "p99_e2e_latency_ms": 102004.65429829434, "mean_ttft_ms": 27381.708646472543, "median_ttft_ms": 4080.8488151524216, "std_ttft_ms": 25312.050414837617, "p99_ttft_ms": 54674.32175109163, "mean_tpot_ms": 59.15487108102401, "median_tpot_ms": 59.23795203261022, "std_tpot_ms": 0.4373491982970513, "p99_tpot_ms": 60.00979898527768, "mean_itl_ms": 59.1560968207217, "median_itl_ms": 58.80529177375138, "std_itl_ms": 16.569047968543266, "p95_itl_ms": 59.217425994575024, "p99_itl_ms": 59.327070750296116, "concurrency": 11.728477434631742, "accept_length": null}
{"backend": "sglang-oai", "dataset_name": "random", "request_rate": 12.0, "max_concurrency": 12, "sharegpt_output_len": null, "random_input_len": 1200, "random_output_len": 800, "random_range_ratio": 1.0, "duration": 813.8513659113087, "completed": 120, "total_input_tokens": 144000, "total_output_tokens": 96000, "total_output_tokens_retokenized": 96000, "request_throughput": 0.14744707083661426, "input_throughput": 176.93648500393712, "output_throughput": 117.95765666929141, "mean_e2e_latency_ms": 79564.73131622963, "median_e2e_latency_ms": 55201.86243019998, "std_e2e_latency_ms": 26986.79240802424, "p99_e2e_latency_ms": 109584.73844321445, "mean_ttft_ms": 28689.47512046822, "median_ttft_ms": 4195.9784384816885, "std_ttft_ms": 26510.87854375163, "p99_ttft_ms": 58394.73063588608, "mean_tpot_ms": 63.67366232260503, "median_tpot_ms": 63.434338589631324, "std_tpot_ms": 1.2063482629781241, "p99_tpot_ms": 65.94051108128497, "mean_itl_ms": 63.67763848391196, "median_itl_ms": 62.70450702868402, "std_itl_ms": 32.88279558367624, "p95_itl_ms": 64.46522034239024, "p99_itl_ms": 65.54787337314337, "concurrency": 11.731586574480293, "accept_length": null}
