{"backend": "sglang-oai", "dataset_name": "random", "request_rate": 10.0, "max_concurrency": 10, "sharegpt_output_len": null, "random_input_len": 1200, "random_output_len": 800, "random_range_ratio": 1.0, "duration": 214.05789125803858, "completed": 100, "total_input_tokens": 120000, "total_output_tokens": 80000, "total_output_tokens_retokenized": 80000, "request_throughput": 0.4671633426466574, "input_throughput": 560.5960111759888, "output_throughput": 373.7306741173259, "mean_e2e_latency_ms": 21381.120490133762, "median_e2e_latency_ms": 21464.43332848139, "std_e2e_latency_ms": 923.4486049771106, "p99_e2e_latency_ms": 22993.80506562069, "mean_ttft_ms": 487.1321100415662, "median_ttft_ms": 465.17550223506987, "std_ttft_ms": 128.16919583898436, "p99_ttft_ms": 667.790772463195, "mean_tpot_ms": 26.150173191604758, "median_tpot_ms": 26.320350166405547, "std_tpot_ms": 1.1435919373202441, "p99_tpot_ms": 28.4335906377286, "mean_itl_ms": 26.150492474096257, "median_itl_ms": 26.121309027075768, "std_itl_ms": 6.745358706325224, "p95_itl_ms": 28.268344094976783, "p99_itl_ms": 28.9636108931154, "concurrency": 9.988475717701826, "accept_length": null}
