{"backend": "sglang-oai", "dataset_name": "random", "request_rate": 10.0, "max_concurrency": 10, "sharegpt_output_len": null, "random_input_len": 1200, "random_output_len": 800, "random_range_ratio": 1.0, "duration": 45.57578211184591, "completed": 100, "total_input_tokens": 120000, "total_output_tokens": 80000, "total_output_tokens_retokenized": 79998, "request_throughput": 2.194147754932511, "input_throughput": 2632.9773059190134, "output_throughput": 1755.318203946009, "mean_e2e_latency_ms": 4528.7701406748965, "median_e2e_latency_ms": 4531.957875704393, "std_e2e_latency_ms": 29.018626605387258, "p99_e2e_latency_ms": 4576.604319275357, "mean_ttft_ms": 58.005978809669614, "median_ttft_ms": 44.94079016149044, "std_ttft_ms": 30.050374741127982, "p99_ttft_ms": 108.46145587507635, "mean_tpot_ms": 5.595449514224313, "median_tpot_ms": 5.612010905840836, "std_tpot_ms": 0.05169383239831222, "p99_tpot_ms": 5.685794247338811, "mean_itl_ms": 5.595861792102636, "median_itl_ms": 5.491612479090691, "std_itl_ms": 1.8760144233980602, "p95_itl_ms": 6.077232398092747, "p99_itl_ms": 6.776723605580619, "concurrency": 9.936790836767216, "accept_length": null}
{"backend": "sglang-oai", "dataset_name": "random", "request_rate": 4.0, "max_concurrency": 4, "sharegpt_output_len": null, "random_input_len": 1200, "random_output_len": 800, "random_range_ratio": 1.0, "duration": 201.92164588999003, "completed": 40, "total_input_tokens": 48000, "total_output_tokens": 32000, "total_output_tokens_retokenized": 31997, "request_throughput": 0.1980966420103004, "input_throughput": 237.7159704123605, "output_throughput": 158.4773136082403, "mean_e2e_latency_ms": 20154.605275101494, "median_e2e_latency_ms": 20174.49236451648, "std_e2e_latency_ms": 74.51323903970676, "p99_e2e_latency_ms": 20258.015614165924, "mean_ttft_ms": 307.0133056258783, "median_ttft_ms": 322.4104377441108, "std_ttft_ms": 94.48226297859215, "p99_ttft_ms": 405.9481547959149, "mean_tpot_ms": 24.840540637641574, "median_tpot_ms": 24.811818454419267, "std_tpot_ms": 0.15458168879979542, "p99_tpot_ms": 25.05598401490515, "mean_itl_ms": 24.84286381331577, "median_itl_ms": 24.31393601000309, "std_itl_ms": 10.661643044790729, "p95_itl_ms": 24.63101977482438, "p99_itl_ms": 24.910908229649067, "concurrency": 3.9925596260406926, "accept_length": null}
